agency_spot_time,cost,channel,spot_id,viziters,Event
2/7/2015 9:43,4128,D,0,5,1
2/7/2015 10:27,2351,C,1,7,1
2/7/2015 11:10,1417,E,2,9,1
2/7/2015 12:30,773,C,3,3,1
2/7/2015 13:01,1746,B,4,7,0
2/7/2015 15:27,3818,D,5,7,0
2/7/2015 15:50,1783,E,6,6,0
2/7/2015 16:10,100,E,7,1,1
2/7/2015 16:11,1204,E,8,1,1
2/7/2015 17:19,4920,E,9,2,0
2/7/2015 19:49,682,E,10,7,0
2/7/2015 21:28,4349,E,11,9,0
2/7/2015 21:48,4089,E,12,1,1
2/7/2015 22:57,4518,E,13,3,0
2/7/2015 23:36,1304,E,14,6,1
2/8/2015 9:47,1244,E,15,6,1
2/8/2015 10:13,3056,E,16,6,0
2/8/2015 10:20,1587,E,17,8,0
2/8/2015 11:24,4282,E,18,8,1
2/8/2015 11:36,100,E,19,8,1
2/8/2015 12:25,100,E,20,8,0
2/8/2015 12:31,2324,E,21,1,0
2/8/2015 12:52,813,E,22,2,1
2/8/2015 12:52,2525,E,23,5,0
2/8/2015 13:34,4309,E,24,3,0
2/8/2015 14:05,1939,E,25,8,1
2/8/2015 14:38,3102,E,26,2,1
2/8/2015 14:44,1094,E,27,5,1
2/8/2015 14:53,4828,E,28,2,0
2/8/2015 15:35,2440,E,29,9,1
2/8/2015 19:29,8277,E,30,2,1
2/8/2015 19:53,4601,E,31,6,1
2/8/2015 19:58,7367,E,32,3,1
2/8/2015 21:34,5612,E,33,6,0
2/8/2015 22:34,372,E,34,2,1
2/8/2015 22:43,100,E,35,2,0
2/8/2015 23:01,413,E,36,1,1
2/8/2015 23:33,1903,E,37,9,0
2/9/2015 9:00,311,E,38,4,1
2/9/2015 12:10,3820,E,39,8,0
2/9/2015 12:50,1502,E,40,10,1
2/9/2015 16:31,914,E,41,5,1
2/9/2015 16:42,1207,E,42,1,1
2/9/2015 18:27,1426,E,43,9,1
2/9/2015 19:33,5792,E,44,2,1
2/9/2015 20:29,2633,E,45,6,0
2/9/2015 20:35,6216,E,46,6,1
2/9/2015 21:01,100,E,47,7,1
2/9/2015 21:03,805,E,48,2,1
2/9/2015 21:39,100,E,49,2,1
2/10/2015 10:15,2301,E,50,10,0
2/10/2015 10:19,3508,E,51,10,1
2/10/2015 12:25,1484,E,52,9,0
2/10/2015 14:06,2296,E,53,4,1
2/10/2015 14:09,950,E,54,5,1
2/10/2015 14:28,100,E,55,8,0
2/10/2015 14:47,3270,E,56,3,1
2/10/2015 14:51,4876,E,57,9,1
2/10/2015 15:20,100,E,58,3,0
2/10/2015 16:09,546,E,59,1,1
2/10/2015 16:50,6816,E,60,10,0
2/10/2015 17:09,828,E,61,4,0
2/10/2015 17:33,793,E,62,8,0
2/10/2015 17:34,2831,E,63,9,0
2/10/2015 17:53,2006,E,64,4,0
2/10/2015 17:57,4689,E,65,8,1
2/10/2015 18:23,483,E,66,8,1
2/10/2015 18:24,601,E,67,9,0
2/10/2015 19:03,803,E,68,5,0
2/10/2015 21:23,216,E,69,1,0
2/10/2015 22:05,3431,E,70,5,0
2/11/2015 9:39,3805,E,71,4,1
2/11/2015 9:43,100,E,72,4,0
2/11/2015 9:57,6888,E,73,6,1
2/11/2015 10:17,1854,E,74,4,0
2/11/2015 10:50,100,E,75,9,0
2/11/2015 11:01,3414,E,76,5,0
2/11/2015 11:40,6799,E,77,7,1
2/11/2015 12:03,390,E,78,3,0
2/11/2015 12:30,407,E,79,10,0
2/11/2015 13:19,195,E,80,2,1
2/11/2015 13:27,808,E,81,9,1
2/11/2015 14:22,100,E,82,3,1
2/11/2015 15:53,3633,E,83,5,1
2/11/2015 17:22,100,E,84,6,0
2/11/2015 17:30,1407,E,85,9,0
2/11/2015 18:23,271,E,86,7,0
2/11/2015 19:52,702,E,87,4,1
2/11/2015 20:10,2252,E,88,3,0
2/11/2015 20:37,4659,E,89,7,0
2/12/2015 9:40,866,E,90,9,0
2/12/2015 9:40,4090,E,91,7,1
2/12/2015 10:08,1550,E,92,3,1
2/12/2015 11:41,100,E,93,3,1
2/12/2015 12:16,3637,E,94,7,0
2/12/2015 13:00,1816,E,95,5,1
2/12/2015 18:32,2621,C,96,7,0
2/12/2015 22:59,1979,D,97,4,0
2/13/2015 9:04,626,A,98,3,0
2/13/2015 9:10,3054,D,99,10,0
2/13/2015 9:11,1417,B,100,2,0
2/13/2015 11:31,2336,D,101,8,0
2/13/2015 13:53,4672,D,102,5,1
2/13/2015 14:44,100,D,103,8,1
2/13/2015 15:22,14346,C,104,5,0
2/13/2015 15:37,2368,D,105,8,0
2/13/2015 15:57,100,E,106,10,0
2/13/2015 16:51,1891,B,107,10,0
2/13/2015 17:27,1281,B,108,3,1
2/13/2015 18:02,2293,D,109,3,1
2/13/2015 20:53,501,A,110,7,0
2/13/2015 22:13,2874,D,111,8,1
2/13/2015 22:13,100,B,112,4,0
2/14/2015 9:37,2042,F,113,1,1
2/14/2015 9:52,2799,D,114,6,0
2/14/2015 10:03,3254,B,115,1,1
2/14/2015 11:19,3479,A,116,10,1
2/14/2015 12:04,10823,C,117,1,1
2/14/2015 13:32,3627,B,118,8,1
2/14/2015 15:43,100,E,119,6,0
2/14/2015 15:46,100,B,120,10,1
2/14/2015 16:28,100,D,121,9,1
2/14/2015 16:29,3811,F,122,2,0
2/14/2015 16:52,4629,D,123,5,1
2/14/2015 18:17,100,A,124,1,0
2/14/2015 18:32,100,A,125,4,1
2/14/2015 19:16,100,B,126,7,0
2/14/2015 20:33,3153,D,127,2,1
2/14/2015 20:42,100,F,128,8,1
2/14/2015 21:06,2805,C,129,6,1
2/14/2015 22:00,2307,D,130,3,1
2/14/2015 22:11,4746,D,131,7,0
2/14/2015 23:42,1943,B,132,6,1
2/15/2015 11:22,1280,E,133,10,1
2/15/2015 11:32,2178,C,134,5,1
2/15/2015 12:13,100,D,135,4,1
2/15/2015 13:25,400,B,136,7,0
2/15/2015 13:57,9301,C,137,5,0
2/15/2015 14:27,100,D,138,8,1
2/15/2015 14:59,100,A,139,4,1
2/15/2015 16:29,5956,C,140,3,1
2/15/2015 19:59,1894,C,141,8,0
2/15/2015 22:49,3289,D,142,3,1
2/15/2015 23:07,100,C,143,4,1
2/16/2015 9:00,2541,A,144,6,1
2/16/2015 10:41,1570,C,145,3,1
2/16/2015 12:16,637,A,146,4,1
2/16/2015 13:47,1340,B,147,3,1
2/16/2015 15:06,3695,D,148,2,0
2/16/2015 15:33,5327,A,149,9,1
2/16/2015 16:01,374,B,150,7,1
2/16/2015 16:30,1148,D,151,8,1
2/16/2015 17:19,1068,C,152,9,1
2/16/2015 19:12,100,F,153,1,1
2/16/2015 19:24,1558,B,154,4,1
2/16/2015 20:08,340,E,155,4,1
2/16/2015 23:56,1470,D,156,10,1
2/17/2015 9:31,5529,C,157,8,0
2/17/2015 10:05,1604,B,158,4,0
2/17/2015 13:41,1403,D,159,8,1
2/17/2015 15:23,100,B,160,9,0
2/17/2015 20:26,7776,C,161,4,1
2/17/2015 21:15,2095,C,162,10,0
2/17/2015 21:42,494,D,163,6,1
2/18/2015 12:27,2436,A,164,8,1
2/18/2015 16:24,1833,B,165,2,0
2/18/2015 16:47,6983,C,166,8,0
2/18/2015 17:01,2751,D,167,9,1
2/18/2015 17:42,5102,D,168,3,1
2/18/2015 17:49,3619,D,169,2,0
2/18/2015 18:02,1357,B,170,3,0
2/18/2015 18:27,2270,B,171,8,0
2/18/2015 18:31,4731,F,172,7,1
2/18/2015 19:27,1067,B,173,3,1
2/18/2015 22:41,1737,F,174,4,1
2/18/2015 23:39,496,E,175,7,0
2/19/2015 9:03,2840,D,176,5,0
2/19/2015 9:49,756,F,177,9,1
2/19/2015 9:54,638,A,178,6,1
2/19/2015 11:53,1415,C,179,8,1
2/19/2015 11:54,2247,E,180,8,1
2/19/2015 13:06,3138,D,181,3,0
2/19/2015 13:32,889,C,182,10,1
2/19/2015 14:28,2717,D,183,1,0
2/19/2015 16:27,100,F,184,1,0
2/19/2015 17:11,1312,B,185,10,1
2/19/2015 17:57,840,D,186,3,0
2/19/2015 21:17,2791,A,187,3,1
2/19/2015 23:11,3215,D,188,2,0
2/20/2015 11:30,100,C,189,3,1
2/20/2015 13:52,100,D,190,8,0
2/20/2015 15:48,4313,D,191,9,0
2/20/2015 17:00,2573,B,192,5,1
2/20/2015 18:00,4369,F,193,5,1
2/20/2015 19:01,100,D,194,2,1
2/20/2015 19:44,2494,B,195,5,1
2/20/2015 20:37,100,A,196,4,0
2/21/2015 9:15,4193,B,197,6,0
2/21/2015 9:30,4639,F,198,7,0
2/21/2015 10:43,2328,C,199,5,1
2/21/2015 12:54,1157,B,200,3,0
2/21/2015 13:45,5214,F,201,8,0
2/21/2015 14:22,100,D,202,4,0
2/21/2015 15:27,1283,B,203,4,0
2/21/2015 15:41,489,E,204,7,1
2/21/2015 15:58,597,B,205,9,0
2/21/2015 16:04,100,D,206,9,1
2/21/2015 16:20,1009,D,207,5,1
2/21/2015 17:31,217,A,208,1,1
2/21/2015 17:41,3643,D,209,4,1
2/22/2015 10:24,2407,B,210,6,0
2/22/2015 10:40,4623,C,211,8,1
2/22/2015 12:00,100,E,212,9,0
2/22/2015 12:26,708,A,213,6,0
2/22/2015 13:49,573,D,214,10,1
2/22/2015 15:02,348,E,215,1,0
2/22/2015 15:09,2117,E,216,1,0
2/22/2015 16:24,100,F,217,1,1
2/22/2015 18:14,4235,D,218,5,0
2/22/2015 18:21,100,B,219,2,1
2/22/2015 18:35,1528,E,220,2,0
2/22/2015 18:54,2797,A,221,10,0
2/22/2015 19:24,1292,C,222,9,1
2/22/2015 19:50,100,D,223,6,1
2/22/2015 19:59,1624,B,224,7,1
2/22/2015 21:07,1838,A,225,7,0
2/22/2015 22:17,100,A,226,3,1
2/22/2015 22:28,5418,A,227,10,1
2/22/2015 22:39,1169,A,228,2,1
2/22/2015 22:40,767,B,229,9,0
2/22/2015 22:57,992,B,230,1,1
2/22/2015 23:23,1767,E,231,2,1
2/22/2015 23:35,1633,B,232,2,1
2/23/2015 9:35,100,C,233,7,1
2/23/2015 9:50,2781,D,234,2,0
2/23/2015 10:33,3081,B,235,4,1
2/23/2015 11:22,100,F,236,3,0
2/23/2015 12:01,294,D,237,10,1
2/23/2015 12:48,3510,A,238,8,0
2/23/2015 13:29,2533,A,239,3,0
2/23/2015 14:04,1988,B,240,5,1
2/23/2015 14:10,100,E,241,6,1
2/23/2015 14:16,4707,D,242,8,0
2/23/2015 15:24,100,B,243,6,0
2/23/2015 15:31,373,B,244,5,1
2/23/2015 20:14,1061,F,245,5,1
2/23/2015 22:53,1859,E,246,10,1
2/24/2015 9:20,100,D,247,8,1
2/24/2015 9:29,663,E,248,7,0
2/24/2015 10:32,3284,F,249,2,1
2/24/2015 14:04,4468,B,250,1,1
2/24/2015 14:06,785,D,251,4,1
2/24/2015 16:47,4706,D,252,6,0
2/24/2015 18:33,885,B,253,3,1
2/24/2015 19:20,944,E,254,7,0
2/24/2015 19:45,2487,A,255,10,1
2/24/2015 20:21,3497,F,256,3,0
2/24/2015 20:58,1617,A,257,3,1
2/24/2015 21:16,737,D,258,6,0
2/24/2015 21:24,10559,C,259,10,1
2/24/2015 22:29,9842,C,260,6,1
2/25/2015 9:19,637,E,261,1,0
2/25/2015 10:01,2986,D,262,4,1
2/25/2015 10:12,1316,E,263,3,1
2/25/2015 14:31,1005,C,264,2,1
2/25/2015 17:46,2997,B,265,4,0
2/25/2015 20:02,4087,C,266,9,1
2/25/2015 21:14,1162,E,267,6,0
2/25/2015 21:38,5685,B,268,3,0
2/25/2015 22:13,2936,D,269,2,0
2/26/2015 9:05,1259,A,270,5,0
2/26/2015 12:33,2268,B,271,4,1
2/26/2015 13:00,100,A,272,1,0
2/26/2015 14:22,1956,B,273,9,1
2/26/2015 14:26,449,E,274,5,0
2/26/2015 14:56,13709,C,275,8,1
2/26/2015 17:24,1156,C,276,7,1
2/26/2015 17:27,219,B,277,7,0
2/26/2015 18:42,202,E,278,10,0
2/26/2015 18:49,2445,D,279,2,0
2/26/2015 21:44,2823,A,280,8,0
2/26/2015 22:08,100,E,281,5,0
2/26/2015 23:46,4682,D,282,6,0
2/27/2015 10:02,1642,B,283,4,1
2/27/2015 10:07,2601,D,284,4,0
2/27/2015 10:19,1586,B,285,4,0
2/27/2015 13:07,999,D,286,7,0
2/27/2015 13:34,2330,A,287,6,0
2/27/2015 17:03,100,E,288,8,0
2/27/2015 17:03,3833,F,289,8,0
2/27/2015 18:16,100,A,290,7,0
2/27/2015 20:17,992,E,291,1,1
2/27/2015 21:45,256,A,292,2,0
2/27/2015 23:35,1680,F,293,1,0
2/28/2015 9:16,1550,A,294,1,0
2/28/2015 10:04,498,E,295,9,1
2/28/2015 10:16,100,B,296,6,1
2/28/2015 10:31,1489,A,297,2,1
2/28/2015 10:38,4565,A,298,2,1
2/28/2015 11:10,1440,D,299,9,1
2/28/2015 11:18,484,E,300,2,0
2/28/2015 11:58,3193,C,301,3,0
2/28/2015 12:46,7242,C,302,9,0
2/28/2015 18:14,1920,B,303,4,0
2/28/2015 20:15,2368,D,304,5,1
2/28/2015 20:56,1560,D,305,3,1
2/28/2015 21:06,4674,F,306,10,0
2/28/2015 22:11,1411,B,307,9,0
3/1/2015 9:17,142,E,308,8,1
3/1/2015 9:27,757,E,309,9,1
3/1/2015 11:28,2009,B,310,10,0
3/1/2015 12:52,2543,B,311,10,0
3/1/2015 13:14,1785,D,312,8,0
3/1/2015 13:32,1049,D,313,1,0
3/1/2015 15:19,1050,B,314,2,0
3/1/2015 17:05,8509,C,315,10,1
3/1/2015 17:44,4696,C,316,8,1
3/1/2015 18:13,1032,B,317,5,1
3/1/2015 21:38,6349,C,318,6,1
3/1/2015 22:40,476,C,319,1,0
3/1/2015 23:44,100,F,320,10,1
3/2/2015 9:12,3653,C,321,6,1
3/2/2015 9:35,2055,B,322,5,0
3/2/2015 13:06,3306,D,323,10,1
3/2/2015 13:17,3733,B,324,7,1
3/2/2015 14:26,100,C,325,9,1
3/2/2015 14:36,100,C,326,4,0
3/2/2015 15:12,1600,A,327,4,0
3/2/2015 15:23,1619,E,328,3,1
3/2/2015 17:07,2783,F,329,7,0
3/2/2015 19:01,3291,A,330,7,0
3/2/2015 19:33,1287,D,331,6,0
3/2/2015 23:11,450,D,332,8,0
3/3/2015 9:18,3827,D,333,7,1
3/3/2015 11:56,3111,A,334,5,1
3/3/2015 14:42,3554,A,335,5,1
3/3/2015 15:15,3361,C,336,1,0
3/3/2015 15:36,100,E,337,6,0
3/3/2015 16:07,2766,B,338,10,1
3/3/2015 17:23,1824,B,339,9,1
3/3/2015 18:54,100,F,340,3,0
3/3/2015 18:59,846,C,341,3,0
3/3/2015 19:03,746,E,342,7,1
3/3/2015 20:24,3200,C,343,9,1
3/3/2015 23:26,3380,C,344,6,1
3/4/2015 10:42,959,E,345,2,0
3/4/2015 12:15,3763,C,346,5,0
3/4/2015 12:41,7136,C,347,7,0
3/4/2015 12:44,623,D,348,9,1
3/4/2015 13:25,3531,A,349,5,1
3/4/2015 14:08,1779,A,350,10,0
3/4/2015 16:48,2410,B,351,5,1
3/4/2015 19:43,4974,D,352,5,0
3/4/2015 19:57,3593,B,353,3,0
3/4/2015 20:29,100,E,354,1,0
3/4/2015 21:05,218,B,355,6,1
3/4/2015 21:48,1821,A,356,8,0
3/4/2015 23:15,6780,C,357,8,0
3/4/2015 23:53,2773,F,358,4,0
3/5/2015 10:30,100,F,359,8,0
3/5/2015 13:38,3709,C,360,5,1
3/5/2015 15:28,2737,A,361,8,1
3/5/2015 15:56,335,D,362,4,1
3/5/2015 16:04,100,F,363,8,1
3/5/2015 17:09,561,E,364,3,1
3/5/2015 17:43,596,D,365,5,1
3/5/2015 19:29,2055,F,366,8,1
3/5/2015 21:13,286,D,367,9,0
3/5/2015 22:17,4360,D,368,4,1
3/5/2015 22:37,3408,D,369,8,1
3/6/2015 9:20,438,E,370,1,0
3/6/2015 12:16,2990,A,371,5,1
3/6/2015 15:55,1138,D,372,5,1
3/6/2015 17:59,100,B,373,9,0
3/6/2015 19:14,1296,B,374,6,1
3/6/2015 22:22,6912,C,375,2,0
3/6/2015 22:46,1568,E,376,3,1
3/6/2015 22:57,725,E,377,3,1
3/7/2015 12:01,4315,D,378,1,0
3/7/2015 13:08,5671,C,379,5,0
3/7/2015 13:33,1368,C,380,6,0
3/7/2015 14:14,1806,B,381,2,1
3/7/2015 14:27,1801,C,382,8,0
3/7/2015 16:48,100,C,383,7,1
3/7/2015 17:38,354,C,384,1,1
3/7/2015 19:51,17235,C,385,3,1
3/7/2015 21:08,3665,B,386,7,1
3/7/2015 22:17,4854,A,387,7,1
3/7/2015 23:32,1788,F,388,4,0
3/8/2015 9:01,100,E,389,5,1
3/8/2015 10:34,2978,D,390,1,0
3/8/2015 12:46,1613,A,391,10,0
3/8/2015 14:06,131,A,392,7,1
3/8/2015 14:31,1878,A,393,5,0
3/8/2015 16:10,755,B,394,6,1
3/8/2015 21:23,5177,F,395,4,0
3/8/2015 22:20,9543,C,396,10,1
3/8/2015 22:40,2795,B,397,6,0
3/9/2015 9:22,1965,D,398,8,0
3/9/2015 9:45,100,C,399,7,0
3/9/2015 9:59,3537,F,400,7,0
3/9/2015 10:38,1015,C,401,9,0
3/9/2015 11:08,4975,C,402,7,0
3/9/2015 11:29,1230,D,403,8,0
3/9/2015 13:01,2018,D,404,7,0
3/9/2015 13:32,1382,B,405,6,0
3/9/2015 16:26,2775,B,406,8,1
3/9/2015 17:07,1859,D,407,1,1
3/9/2015 17:08,100,C,408,1,0
3/9/2015 17:54,575,C,409,8,1
3/9/2015 17:57,4041,D,410,10,0
3/9/2015 18:59,618,E,411,7,0
3/9/2015 20:20,100,C,412,7,1
3/9/2015 21:04,6473,C,413,2,1
3/9/2015 21:27,2225,D,414,7,1
3/9/2015 22:20,4729,F,415,2,1
3/9/2015 22:53,3784,A,416,4,1
3/9/2015 23:31,3573,A,417,9,0
3/10/2015 11:28,3450,A,418,9,1
3/10/2015 12:33,2152,A,419,6,0
3/10/2015 12:51,100,F,420,7,1
3/10/2015 13:44,100,D,421,5,0
3/10/2015 14:24,3099,D,422,1,1
3/10/2015 14:43,2129,E,423,4,1
3/10/2015 14:44,6813,D,424,9,0
3/10/2015 14:48,11277,C,425,3,1
3/10/2015 16:13,2058,F,426,1,0
3/10/2015 19:31,4402,F,427,4,0
3/10/2015 21:15,2197,B,428,8,0
3/10/2015 22:03,100,C,429,1,1
3/10/2015 23:52,1386,A,430,4,0
3/11/2015 9:58,1608,C,431,7,0
3/11/2015 10:28,1006,B,432,10,0
3/11/2015 14:52,100,C,433,1,1
3/11/2015 15:08,3832,F,434,1,0
3/11/2015 15:39,1971,B,435,7,1
3/11/2015 15:41,369,C,436,6,0
3/11/2015 16:08,2843,A,437,7,1
3/11/2015 18:34,484,D,438,8,1
3/11/2015 19:19,100,C,439,2,0
3/11/2015 19:51,100,E,440,2,1
3/11/2015 20:29,1832,E,441,7,0
3/11/2015 22:09,1615,A,442,10,1
3/12/2015 12:17,2457,D,443,7,1
3/12/2015 12:43,819,D,444,8,0
3/12/2015 15:26,2906,D,445,5,1
3/12/2015 16:43,1480,D,446,3,1
3/12/2015 18:06,100,A,447,5,1
3/12/2015 18:31,2817,F,448,10,0
3/12/2015 19:01,369,E,449,2,1
3/12/2015 21:45,1965,A,450,2,0
3/12/2015 22:10,602,E,451,8,1
3/12/2015 22:12,8648,C,452,5,0
3/13/2015 12:48,4002,D,453,1,0
3/13/2015 13:11,100,B,454,3,1
3/13/2015 13:29,100,B,455,8,1
3/13/2015 13:30,1333,D,456,8,0
3/13/2015 14:03,2031,F,457,9,1
3/13/2015 14:22,100,C,458,2,1
3/13/2015 16:42,1255,E,459,10,1
3/13/2015 17:10,9363,C,460,10,0
3/13/2015 18:13,2618,C,461,7,0
3/13/2015 19:22,2831,A,462,6,0
3/13/2015 19:24,2177,D,463,4,0
3/13/2015 20:26,3798,D,464,1,0
3/13/2015 21:13,2419,A,465,10,1
3/13/2015 21:49,4052,C,466,6,0
3/13/2015 22:21,1082,B,467,8,1
3/13/2015 22:42,100,A,468,4,1
3/13/2015 22:42,3486,B,469,3,0
3/14/2015 10:21,1155,E,470,3,0
3/14/2015 11:00,6435,C,471,2,1
3/14/2015 11:51,3805,F,472,2,0
3/14/2015 13:47,2008,B,473,6,0
3/14/2015 15:51,1096,B,474,5,0
3/14/2015 16:40,2022,B,475,5,1
3/14/2015 16:51,2062,B,476,4,1
3/14/2015 18:29,2676,C,477,9,0
3/14/2015 19:51,1003,F,478,10,0
3/14/2015 20:01,2288,B,479,2,1
3/14/2015 21:11,2200,D,480,7,1
3/14/2015 22:19,1522,D,481,4,0
3/14/2015 22:23,583,E,482,8,1
3/14/2015 22:32,626,B,483,5,0
3/15/2015 10:31,391,E,484,9,1
3/15/2015 11:14,3592,F,485,7,1
3/15/2015 12:29,2889,A,486,10,1
3/15/2015 12:30,100,E,487,6,1
3/15/2015 12:35,524,B,488,4,1
3/15/2015 15:36,686,D,489,6,1
3/15/2015 16:16,5955,A,490,7,0
3/15/2015 18:07,2607,B,491,9,0
3/15/2015 18:40,3706,B,492,7,0
3/15/2015 19:18,378,D,493,6,0
3/15/2015 20:02,1267,C,494,9,0
3/15/2015 20:23,1758,B,495,3,0
3/15/2015 21:39,1561,E,496,8,0
3/15/2015 22:31,100,C,497,5,0
3/15/2015 22:52,100,A,498,8,0
3/15/2015 23:01,12328,C,499,6,1
3/16/2015 10:06,4717,A,500,10,1
3/16/2015 11:11,2188,D,501,3,1
3/16/2015 11:21,1518,D,502,7,0
3/16/2015 13:12,264,F,503,2,1
3/16/2015 13:21,1195,D,504,7,0
3/16/2015 13:46,1776,D,505,4,0
3/16/2015 14:00,2024,C,506,1,1
3/16/2015 16:48,5742,C,507,7,1
3/16/2015 18:15,489,F,508,5,0
3/16/2015 19:36,1809,B,509,4,1
3/16/2015 23:36,1448,B,510,2,0
3/17/2015 9:41,100,C,511,4,1
3/17/2015 12:18,4718,D,512,1,0
3/17/2015 12:47,100,D,513,8,1
3/17/2015 14:04,4198,D,514,7,1
3/17/2015 14:08,3868,F,515,5,0
3/17/2015 14:08,316,A,516,4,1
3/17/2015 14:45,100,E,517,1,1
3/17/2015 15:32,5182,B,518,9,0
3/17/2015 16:19,3080,B,519,6,0
3/17/2015 16:25,1163,B,520,3,1
3/17/2015 18:25,5445,D,521,10,0
3/17/2015 19:43,4471,A,522,2,0
3/17/2015 20:11,4377,B,523,6,1
3/17/2015 20:29,1928,E,524,1,0
3/17/2015 21:07,100,B,525,2,0
3/17/2015 23:49,2243,F,526,5,0
3/18/2015 11:46,262,B,527,7,0
3/18/2015 11:48,1866,B,528,10,1
3/18/2015 11:53,1995,D,529,4,1
3/18/2015 15:17,4110,D,530,3,1
3/18/2015 15:40,1627,C,531,10,1
3/18/2015 17:36,6302,C,532,6,0
3/18/2015 17:53,1740,D,533,4,1
3/18/2015 17:55,1186,F,534,10,1
3/18/2015 18:57,173,F,535,5,0
3/18/2015 21:38,100,A,536,8,0
3/18/2015 21:53,6231,F,537,6,1
3/18/2015 21:55,1083,B,538,5,0
3/18/2015 23:51,454,D,539,4,1
3/18/2015 23:54,456,C,540,10,1
3/18/2015 23:55,887,B,541,6,0
3/18/2015 23:59,2709,D,542,9,1
3/19/2015 9:20,1052,F,543,5,0
3/19/2015 10:04,7745,C,544,6,0
3/19/2015 10:08,1362,D,545,3,0
3/19/2015 10:13,972,D,546,10,1
3/19/2015 12:02,5200,C,547,4,1
3/19/2015 13:00,785,A,548,4,0
3/19/2015 16:31,1746,F,549,7,0
3/19/2015 20:12,5081,F,550,5,1
3/20/2015 9:48,2778,D,551,5,0
3/20/2015 12:01,1537,D,552,3,1
3/20/2015 12:16,3085,A,553,1,1
3/20/2015 12:19,2844,B,554,8,1
3/20/2015 12:42,2242,F,555,3,0
3/20/2015 15:14,10203,C,556,9,1
3/20/2015 16:31,2708,D,557,3,1
3/20/2015 17:23,5207,D,558,4,0
3/20/2015 18:42,2232,D,559,4,0
3/20/2015 18:58,1393,B,560,2,1
3/20/2015 19:04,726,B,561,6,1
3/20/2015 20:39,132,C,562,9,1
3/20/2015 20:50,1692,A,563,2,1
3/20/2015 21:20,3758,D,564,10,0
3/20/2015 21:35,100,F,565,4,1
3/20/2015 22:45,2065,B,566,9,1
3/21/2015 9:53,5720,C,567,9,0
3/21/2015 11:55,5919,C,568,4,0
3/21/2015 14:31,1463,E,569,6,1
3/21/2015 15:00,731,B,570,6,1
3/21/2015 16:22,100,C,571,3,1
3/21/2015 16:29,3775,B,572,3,0
3/21/2015 17:29,100,C,573,1,0
3/21/2015 17:36,9636,C,574,5,1
3/21/2015 18:46,100,D,575,2,0
3/21/2015 18:55,1632,A,576,2,1
3/21/2015 19:12,909,E,577,10,1
3/21/2015 20:12,1643,D,578,9,0
3/21/2015 20:15,102,C,579,10,0
3/21/2015 21:36,838,E,580,4,1
3/21/2015 21:39,4386,B,581,2,0
3/21/2015 21:58,109,B,582,4,0
3/21/2015 22:31,4829,F,583,7,0
3/22/2015 9:20,100,B,584,5,1
3/22/2015 9:44,988,F,585,3,0
3/22/2015 9:56,3573,D,586,2,0
3/22/2015 9:57,2175,B,587,6,1
3/22/2015 10:00,2356,B,588,7,0
3/22/2015 12:27,1214,D,589,6,0
3/22/2015 18:20,1006,E,590,2,1
3/22/2015 18:26,1192,E,591,4,0
3/22/2015 19:10,339,D,592,10,0
3/22/2015 21:00,1939,F,593,8,0
3/23/2015 9:34,3267,A,594,3,0
3/23/2015 9:42,2404,B,595,3,0
3/23/2015 11:15,1064,D,596,6,0
3/23/2015 11:19,1420,B,597,1,0
3/23/2015 13:45,100,C,598,6,0
3/23/2015 13:47,100,C,599,7,0
3/23/2015 13:57,100,D,600,6,0
3/23/2015 15:02,1691,A,601,9,1
3/23/2015 18:40,3373,C,602,2,0
3/23/2015 19:03,1179,D,603,7,0
3/23/2015 21:39,890,C,604,5,1
3/23/2015 21:41,100,D,605,4,0
3/23/2015 23:43,1292,A,606,1,0
3/24/2015 10:06,100,D,607,10,0
3/24/2015 11:35,100,E,608,4,0
3/24/2015 11:44,4481,B,609,6,0
3/24/2015 12:55,3383,D,610,10,1
3/24/2015 14:19,536,A,611,1,1
3/24/2015 14:58,507,A,612,5,0
3/24/2015 16:23,3890,D,613,6,1
3/24/2015 17:06,100,B,614,3,0
3/24/2015 17:09,1789,D,615,5,0
3/24/2015 17:39,2051,E,616,2,1
3/24/2015 18:29,1416,A,617,6,0
3/24/2015 19:13,2170,E,618,1,1
3/24/2015 20:24,1440,C,619,6,1
3/24/2015 20:57,4645,A,620,2,1
3/24/2015 22:01,1767,B,621,1,0
3/24/2015 22:30,2220,B,622,9,0
3/24/2015 22:35,4174,C,623,5,0
3/24/2015 22:58,2198,E,624,9,0
3/25/2015 12:17,3212,C,625,1,0
3/25/2015 13:14,3722,D,626,2,0
3/25/2015 14:53,2875,F,627,9,0
3/25/2015 17:09,2954,D,628,5,1
3/25/2015 17:22,100,C,629,3,1
3/25/2015 17:53,8449,C,630,4,0
3/25/2015 18:01,4014,D,631,3,0
3/25/2015 19:21,1670,B,632,3,0
3/25/2015 22:06,2799,F,633,5,0
3/25/2015 22:44,3720,A,634,7,0
3/26/2015 9:06,1312,D,635,7,0
3/26/2015 10:01,2110,B,636,7,1
3/26/2015 10:15,883,C,637,3,1
3/26/2015 10:22,12326,C,638,1,0
3/26/2015 10:44,357,B,639,1,1
3/26/2015 11:14,100,A,640,3,0
3/26/2015 16:22,647,D,641,4,1
3/26/2015 21:28,3896,F,642,8,0
3/26/2015 22:16,163,E,643,2,0
3/26/2015 23:00,100,E,644,9,0
3/27/2015 10:45,4634,D,645,2,0
3/27/2015 11:24,2796,D,646,5,1
3/27/2015 12:26,268,B,647,9,0
3/27/2015 15:47,3846,D,648,10,1
3/27/2015 17:36,765,C,649,5,1
3/27/2015 20:05,938,B,650,1,0
3/27/2015 20:27,1347,F,651,3,1
3/27/2015 21:16,100,B,652,6,0
3/28/2015 10:31,687,E,653,8,1
3/28/2015 10:35,2813,E,654,10,0
3/28/2015 12:36,1928,A,655,5,0
3/28/2015 14:24,2887,D,656,9,1
3/28/2015 14:38,2369,D,657,4,1
3/28/2015 16:29,100,B,658,8,1
3/28/2015 16:50,224,E,659,8,0
3/28/2015 17:04,1619,D,660,8,0
3/28/2015 22:40,1212,F,661,9,0
3/29/2015 9:23,2128,B,662,3,0
3/29/2015 9:23,100,C,663,4,1
3/29/2015 10:55,866,E,664,6,1
3/29/2015 12:16,100,D,665,8,1
3/29/2015 13:42,1543,A,666,6,1
3/29/2015 15:38,2180,B,667,10,0
3/29/2015 16:29,2632,B,668,9,0
3/29/2015 16:33,1523,D,669,4,0
3/29/2015 18:39,3374,D,670,1,1
3/29/2015 21:05,1346,B,671,10,0
3/29/2015 23:59,4146,B,672,7,1
3/30/2015 11:40,2922,B,673,2,0
3/30/2015 12:54,2693,A,674,2,1
3/30/2015 16:17,1451,A,675,5,1
3/30/2015 17:11,216,A,676,2,0
3/30/2015 23:50,1780,F,677,9,0
3/31/2015 9:30,468,E,678,6,1
3/31/2015 10:15,100,E,679,4,1
3/31/2015 10:37,1742,A,680,10,1
3/31/2015 11:55,1095,E,681,6,0
3/31/2015 12:31,4496,A,682,9,0
3/31/2015 12:41,1966,D,683,6,0
3/31/2015 13:53,2566,F,684,8,0
3/31/2015 14:47,3508,B,685,8,1
3/31/2015 15:34,100,E,686,6,1
3/31/2015 15:49,2317,B,687,1,1
3/31/2015 17:45,1157,B,688,8,1
3/31/2015 18:56,100,C,689,2,1
3/31/2015 19:51,2117,A,690,8,0
3/31/2015 20:14,5872,C,691,8,0
3/31/2015 21:00,271,A,692,1,0
3/31/2015 23:11,2811,C,693,3,1
3/31/2015 23:47,2420,E,694,7,1
4/1/2015 9:56,100,C,695,5,1
4/1/2015 11:26,100,C,696,6,0
4/1/2015 12:11,3441,C,697,1,0
4/1/2015 15:31,1990,E,698,2,0
4/1/2015 16:20,807,C,699,2,0
4/1/2015 16:32,5980,C,700,8,1
4/1/2015 19:03,1017,E,701,4,0
4/1/2015 19:21,1281,D,702,1,0
4/1/2015 20:07,8354,C,703,9,1
4/1/2015 21:04,2759,A,704,8,0
4/1/2015 22:54,778,C,705,2,1
4/1/2015 23:00,2841,D,706,4,1
4/2/2015 9:13,10617,C,707,4,1
4/2/2015 9:30,3609,C,708,1,0
4/2/2015 10:55,100,F,709,5,0
4/2/2015 12:02,5978,C,710,6,0
4/2/2015 12:04,3201,F,711,9,1
4/2/2015 14:10,2224,A,712,4,1
4/2/2015 17:42,703,D,713,1,1
4/2/2015 18:13,415,E,714,4,0
4/2/2015 20:30,1538,D,715,6,0
4/2/2015 21:46,100,C,716,2,1
4/3/2015 10:18,328,E,717,7,0
4/3/2015 10:32,1218,E,718,1,0
4/3/2015 12:31,100,D,719,4,1
4/3/2015 14:47,560,E,720,4,1
4/3/2015 15:32,799,A,721,10,1
4/3/2015 17:08,618,A,722,6,1
4/3/2015 18:19,100,B,723,6,1
4/3/2015 19:11,2008,D,724,2,0
4/3/2015 19:25,100,E,725,2,0
4/4/2015 9:03,299,B,726,8,1
4/4/2015 12:10,2337,B,727,3,1
4/4/2015 12:47,2544,E,728,8,1
4/4/2015 14:06,350,F,729,10,1
4/4/2015 19:41,640,B,730,10,0
4/4/2015 20:45,1077,C,731,6,0
4/4/2015 21:50,518,F,732,1,1
4/4/2015 22:28,2671,B,733,3,0
4/5/2015 9:03,1782,E,734,4,1
4/5/2015 9:45,230,B,735,10,1
4/5/2015 11:43,694,D,736,4,0
4/5/2015 15:03,1488,D,737,5,1
4/5/2015 17:51,100,E,738,5,0
4/5/2015 18:27,4234,D,739,9,1
4/5/2015 20:38,100,A,740,4,0
4/5/2015 21:29,100,A,741,2,0
4/5/2015 21:42,311,D,742,2,0
4/6/2015 10:24,513,E,743,3,1
4/6/2015 10:55,4232,D,744,4,1
4/6/2015 11:44,529,B,745,7,1
4/6/2015 12:41,3536,B,746,1,0
4/6/2015 13:05,5609,D,747,9,0
4/6/2015 13:47,1874,A,748,2,1
4/6/2015 14:35,2539,F,749,1,1
4/6/2015 16:19,1034,E,750,5,1
4/6/2015 19:04,318,B,751,8,1
4/6/2015 20:03,929,B,752,10,1
4/6/2015 21:17,663,B,753,1,0
4/6/2015 21:40,1611,E,754,8,0
4/6/2015 21:42,8361,C,755,6,0
4/6/2015 23:47,2067,F,756,3,0
4/7/2015 9:26,5495,A,757,10,1
4/7/2015 11:42,1913,D,758,6,0
4/7/2015 16:46,1832,F,759,10,1
4/7/2015 16:47,1751,A,760,5,1
4/7/2015 18:29,2291,B,761,10,1
4/7/2015 18:50,6834,A,762,10,1
4/7/2015 19:41,100,F,763,3,1
4/7/2015 23:29,2128,D,764,8,0
4/8/2015 9:14,2451,D,765,8,0
4/8/2015 10:14,1227,F,766,5,1
4/8/2015 11:58,1505,E,767,1,0
4/8/2015 13:15,862,D,768,6,1
4/8/2015 13:52,100,B,769,10,0
4/8/2015 14:27,2966,F,770,1,0
4/8/2015 15:22,7242,C,771,10,1
4/8/2015 16:13,3934,B,772,2,0
4/8/2015 16:14,1403,A,773,10,1
4/8/2015 17:47,1668,B,774,10,1
4/8/2015 21:25,3000,D,775,6,1
4/8/2015 21:34,228,C,776,3,0
4/8/2015 21:42,100,C,777,7,0
4/8/2015 23:26,237,D,778,1,1
4/9/2015 11:41,4397,D,779,10,0
4/9/2015 11:58,3453,A,780,1,0
4/9/2015 15:02,1176,B,781,10,1
4/9/2015 17:02,2539,D,782,10,0
4/9/2015 21:07,7232,C,783,6,0
4/9/2015 22:13,2813,A,784,4,0
4/9/2015 22:53,1658,A,785,9,0
4/10/2015 9:22,2803,C,786,10,1
4/10/2015 9:30,100,C,787,2,0
4/10/2015 10:03,100,A,788,2,1
4/10/2015 12:43,743,C,789,8,0
4/10/2015 13:10,2198,D,790,2,1
4/10/2015 13:31,4065,B,791,2,0
4/10/2015 13:41,2398,A,792,10,1
4/10/2015 15:25,2950,F,793,5,1
4/10/2015 16:58,1288,B,794,9,0
4/10/2015 17:12,1304,B,795,7,0
4/10/2015 17:21,2704,D,796,7,1
4/10/2015 17:50,100,C,797,1,0
4/10/2015 19:17,1994,D,798,2,0
4/10/2015 19:24,1109,A,799,1,0
4/10/2015 19:25,4398,D,800,3,0
4/10/2015 23:30,1696,C,801,2,1
4/10/2015 23:52,4546,B,802,6,1
4/11/2015 9:27,100,C,803,8,1
4/11/2015 11:15,2479,B,804,1,1
4/11/2015 12:47,1748,D,805,5,0
4/11/2015 13:04,3728,D,806,10,0
4/11/2015 14:32,3135,D,807,10,1
4/11/2015 14:45,1826,D,808,2,1
4/11/2015 15:43,1425,D,809,10,1
4/11/2015 17:35,1197,C,810,4,1
4/11/2015 19:06,3363,F,811,3,1
4/11/2015 20:33,3697,D,812,5,0
4/11/2015 20:58,4759,A,813,9,0
4/11/2015 22:27,877,B,814,10,0
4/12/2015 9:19,1442,E,815,6,1
4/12/2015 9:32,500,D,816,3,1
4/12/2015 9:52,100,B,817,10,1
4/12/2015 12:32,227,A,818,4,1
4/12/2015 13:34,627,B,819,7,0
4/12/2015 14:14,100,D,820,5,1
4/12/2015 14:56,2037,D,821,5,0
4/12/2015 15:13,3591,D,822,2,0
4/12/2015 17:36,255,F,823,7,1
4/12/2015 18:50,10419,C,824,10,1
4/12/2015 19:09,1733,B,825,3,1
4/12/2015 19:57,505,C,826,10,1
4/12/2015 21:16,3020,B,827,1,1
4/13/2015 9:35,5927,C,828,8,0
4/13/2015 9:49,5526,F,829,1,1
4/13/2015 10:04,2095,A,830,5,1
4/13/2015 11:00,100,D,831,10,1
4/13/2015 12:18,5021,C,832,4,1
4/13/2015 13:19,2800,D,833,4,1
4/13/2015 15:23,100,C,834,4,0
4/13/2015 16:11,542,D,835,1,1
4/13/2015 17:02,1314,D,836,4,1
4/13/2015 17:12,2233,D,837,6,1
4/13/2015 17:17,2299,F,838,8,1
4/13/2015 17:38,802,A,839,5,0
4/13/2015 18:42,2807,F,840,8,0
4/13/2015 19:17,1002,D,841,1,1
4/13/2015 19:50,2754,D,842,2,0
4/13/2015 21:44,100,A,843,3,0
4/13/2015 22:11,1950,D,844,6,0
4/13/2015 22:47,2833,D,845,7,0
4/13/2015 23:55,2421,D,846,4,1
4/14/2015 11:57,165,C,847,10,0
4/14/2015 12:23,3288,D,848,3,0
4/14/2015 12:33,100,C,849,4,1
4/14/2015 13:13,1195,A,850,6,1
4/14/2015 14:24,6592,D,851,9,0
4/14/2015 14:25,1646,B,852,,1
4/14/2015 14:28,1101,  ,853,,0
4/14/2015 15:08,3162,  ,854,,1
4/14/2015 19:48,752,  ,855,,1
4/14/2015 20:46,11319,  ,856,1,1
4/14/2015 20:57,3909,  ,857,2,1
4/14/2015 22:08,100,  ,858,5,0
4/14/2015 22:08,100,  ,859,10,0
4/14/2015 22:35,3295,,860,1,1
4/14/2015 22:43,3014,,861,7,0
4/14/2015 23:00,100,,862,10,0
4/14/2015 23:08,2421,,863,1,1
